Workbook

Sheet Rekapitulácia stavby
A1: Export Komplet | BA1: 2.0 | BT1: False | BU1: False | BV1: {194b82ce-9e10-46a5-a605-507b1e8c3192}
AR2: >> skryté stĺpce << | BS2: 0,001 | BT2: 20
BS3: 0,001 | BT3: 20
D4: REKAPITULÁCIA STAVBY | AS4: v --- nižšie sa nachádzajú doplnkové a pomocné údaje k zostavám --- v | BE4: Návod na vyplnenie | BS4: 0,001
D5: Kód: | K5: SL20210202 | BE5: Meniť je možné iba bunky so žltým podfarbením!_x000D_ _x000D_ 1) na prvom liste Rekapitulácie stavby vyplňte v zostave_x000D_ _x000D_ a) Rekapitulácia stavby_x000D_ - údaje o Zhotoviteľovi_x000D_ (prenesú sa do ostatných zostáv aj v iných listoch)_x000D_ _x000D_ b) Rekapitulácia objektov stavby_x000D_ - potrebné Ostatné náklady_x000D_ _x000D_ 2) na vybraných listoch vyplňte v zostave_x000D_ _x000D_ a) Krycí list_x000D_ - údaje o Zhotoviteľovi, pokiaľ sa líšia od údajov o Zhotoviteľovi na Rekapitulácii stavby_x000D_ (údaje se prenesú do ostatných zostav v danom liste)_x000D_ _x000D_ b) Rekapitulácia rozpočtu_x000D_ - potrebné Ostatné náklady_x000D_ _x000D_ c) Celkové náklady za stavbu_x000D_ - ceny na položkách_x000D_ - množstvo, pokiaľ má žlté podfarbenie_x000D_ - a v prípade potreby poznámku (tá je v skrytom stĺpci) | BS5: 0,001
D6: Stavba: | K6: Most na MK v Ochodnici | BS6: 0,001
D7: JKSO: | AK7: KS: | BS7: 0,001
D8: Miesto: | K8: Ochodnica | AK8: Dátum: | AN8: 2. 2. 2021 | BS8: 0,001
BS9: 0,001
D10: Objednávateľ: | AK10: IČO: | BS10: 0,001
E11: Obec Ochodnica | AK11: IČ DPH: | BS11: 0,001
BS12: 0,001
D13: Zhotoviteľ: | AK13: IČO: | AN13: Vyplň údaj | BS13: 0,001
E14: Vyplň údaj | AK14: IČ DPH: | AN14: Vyplň údaj | BS14: 0,001
BS15: False
D16: Projektant: | AK16: IČO: | AN16: 50567004 | BS16: False
E17: TASUM, s.r.o. | AK17: IČ DPH: | AN17: SK 2120376104 | BS17: True
BS18: 0,01
D19: Spracovateľ: | AK19: IČO: | BS19: 0,01
AK20: IČ DPH: | BS20: True
D22: Poznámka:
D26: Cena bez DPH | AK26: =ROUND(AG94,2) -> 0
L28: Sadzba dane | W28: Základ dane | AK28: Výška dane
D29: DPH | F29: základná | L29: 0.2 | W29: =ROUND(AZ94, 2) -> 0 | AK29: =ROUND(AV94, 2) -> 0
F30: znížená | L30: 0.2 | W30: =ROUND(BA94, 2) -> 0 | AK30: =ROUND(AW94, 2) -> 0
F31: zákl. prenesená | L31: 0.2 | W31: =ROUND(BB94, 2) -> 0 | AK31: 0
F32: zníž. prenesená | L32: 0.2 | W32: =ROUND(BC94, 2) -> 0 | AK32: 0
F33: nulová | L33: 0 | W33: =ROUND(BD94, 2) -> 0 | AK33: 0
D35: Cena s DPH | T35: v | X35: EUR | AK35: =SUM(AK26:AK33) -> 0
D49: Projektant | AH49: Spracovateľ
D60: Dátum a podpis: | V60: Pečiatka | AH60: Dátum a podpis: | AM60: Pečiatka
D64: Objednávateľ | AH64: Zhotoviteľ
D75: Dátum a podpis: | V75: Pečiatka | AH75: Dátum a podpis: | AM75: Pečiatka
C82: REKAPITULÁCIA OBJEKTOV STAVBY
C84: Kód: | L84: =K5 -> SL20210202
C85: Stavba: | L85: =K6 -> Most na MK v Ochodnici
C87: Miesto: | L87: =IF(K8="","",K8) -> Ochodnica | AI87: Dátum: | AM87: =IF(AN8= "","",AN8) -> 2. 2. 2021
C89: Objednávateľ: | L89: =IF(E11= "","",E11) -> Obec Ochodnica | AI89: Projektant: | AM89: =IF(E17="","",E17) -> TASUM, s.r.o. | AS89: Informatívne údaje z listov zákaziek
C90: Zhotoviteľ: | L90: =IF(E14= "Vyplň údaj","",E14) | AI90: Spracovateľ: | AM90: =IF(E20="","",E20)
C92: Kód | I92: Popis | AG92: Cena bez DPH [EUR] | AN92: Cena s DPH [EUR] | AQ92: Typ | AS92: z toho Ostat._x000D_ náklady [EUR] | AT92: DPH [EUR] | AU92: Normohodiny [h] | AV92: DPH základná [EUR] | AW92: DPH znížená [EUR] | AX92: DPH základná prenesená_x000D_ [EUR] | AY92: DPH znížená prenesená_x000D_ [EUR] | AZ92: Základňa_x000D_ DPH základná | BA92: Základňa_x000D_ DPH znížená | BB92: Základňa_x000D_ DPH zákl. prenesená | BC92: Základňa_x000D_ DPH zníž. prenesená | BD92: Základňa_x000D_ DPH nulová
C94: Náklady z rozpočtov | AG94: =ROUND(AG95,2) -> 0 | AN94: =SUM(AG94,AT94) -> 0 | AS94: =ROUND(AS95,2) -> 0 | AT94: =ROUND(SUM(AV94:AW94),2) -> 0 | AU94: =ROUND(AU95,5) -> 0 | AV94: =ROUND(AZ94*L29,2) -> 0 | AW94: =ROUND(BA94*L30,2) -> 0 | AX94: =ROUND(BB94*L29,2) -> 0 | AY94: =ROUND(BC94*L30,2) -> 0 | AZ94: =ROUND(AZ95,2) -> 0 | BA94: =ROUND(BA95,2) -> 0 | BB94: =ROUND(BB95,2) -> 0 | BC94: =ROUND(BC95,2) -> 0 | BD94: =ROUND(BD95,2) -> 0 | BS94: D | BT94: 0 | BU94: ###NOIMPORT### | BV94: IMPORT | BW94: {194b82ce-9e10-46a5-a605-507b1e8c3192} | BX94: {00000000-0000-0000-0000-000000000000}
A95: / | D95: SO-1 | J95: Rekonštrukcia mosta v obci Ochodnica pri Černoškovej | AG95: ='SO-1 - Rekonštrukcia most...'!J30 -> 0 | AN95: =SUM(AG95,AT95) -> 0 | AQ95: STA | AS95: 0 | AT95: =ROUND(SUM(AV95:AW95),2) -> 0 | AU95: ='SO-1 - Rekonštrukcia most...'!P126 -> 0 | AV95: ='SO-1 - Rekonštrukcia most...'!J33 -> 0 | AW95: ='SO-1 - Rekonštrukcia most...'!J34 -> 0 | AX95: ='SO-1 - Rekonštrukcia most...'!J35 -> 0 | AY95: ='SO-1 - Rekonštrukcia most...'!J36 -> 0 | AZ95: ='SO-1 - Rekonštrukcia most...'!F33 -> 0 | BA95: ='SO-1 - Rekonštrukcia most...'!F34 -> 0 | BB95: ='SO-1 - Rekonštrukcia most...'!F35 -> 0 | BC95: ='SO-1 - Rekonštrukcia most...'!F36 -> 0 | BD95: ='SO-1 - Rekonštrukcia most...'!F37 -> 0 | BT95: 1 | BV95: IMPORT | BW95: {b4e0e101-5bd7-4522-a55e-6870f9c7a615} | BX95: {194b82ce-9e10-46a5-a605-507b1e8c3192} | CM95: 0

Sheet SO-1 - Rekonštrukcia most...
L2: >> skryté stĺpce << | AT2: {b4e0e101-5bd7-4522-a55e-6870f9c7a615}
AT3: 0
D4: KRYCÍ LIST ROZPOČTU | M4: v --- nižšie sa nachádzajú doplnkové a pomocné údaje k zostavám --- v | AT4: False
D6: Stavba:
E7: ='Rekapitulácia stavby'!K6 -> Most na MK v Ochodnici
D8: Objekt:
E9: SO-1 - Rekonštrukcia mosta v obci Ochodnica pri Černoškovej
D11: JKSO: | I11: KS:
D12: Miesto: | F12: Ochodnica | I12: Dátum: | J12: ='Rekapitulácia stavby'!AN8 -> 2. 2. 2021
D14: Objednávateľ: | I14: IČO:
E15: Obec Ochodnica | I15: IČ DPH:
D17: Zhotoviteľ: | I17: IČO: | J17: ='Rekapitulácia stavby'!AN13 -> Vyplň údaj
E18: ='Rekapitulácia stavby'!E14 -> Vyplň údaj | I18: IČ DPH: | J18: ='Rekapitulácia stavby'!AN14 -> Vyplň údaj
D20: Projektant: | I20: IČO: | J20: 50567004
E21: TASUM, s.r.o. | I21: IČ DPH: | J21: SK 2120376104
D23: Spracovateľ: | I23: IČO: | J23: 36421189
E24: BISin s.r.o. | I24: IČ DPH: | J24: SK2021854571
D26: Poznámka:
D30: Cena bez DPH | J30: =ROUND(J126, 2) -> 0
F32: Základ dane | I32: Sadzba dane | J32: Výška dane
D33: DPH | E33: základná | F33: =ROUND((SUM(BE126:BE236)), 2) -> 0 | I33: 0.2 | J33: =ROUND(((SUM(BE126:BE236))*I33), 2) -> 0
E34: znížená | F34: =ROUND((SUM(BF126:BF236)), 2) -> 0 | I34: 0.2 | J34: =ROUND(((SUM(BF126:BF236))*I34), 2) -> 0
E35: zákl. prenesená | F35: =ROUND((SUM(BG126:BG236)), 2) -> 0 | I35: 0.2 | J35: =0 -> 0
E36: zníž. prenesená | F36: =ROUND((SUM(BH126:BH236)), 2) -> 0 | I36: 0.2 | J36: =0 -> 0
E37: nulová | F37: =ROUND((SUM(BI126:BI236)), 2) -> 0 | I37: 0 | J37: =0 -> 0
D39: Cena s DPH | G39: v | H39: EUR | J39: =SUM(J30:J37) -> 0
D50: Projektant | G50: Spracovateľ
D61: Dátum a podpis: | F61: Pečiatka | G61: Dátum a podpis: | J61: Pečiatka
D65: Objednávateľ | G65: Zhotoviteľ
D76: Dátum a podpis: | F76: Pečiatka | G76: Dátum a podpis: | J76: Pečiatka
C82: REKAPITULÁCIA ROZPOČTU
C84: Stavba:
E85: =E7 -> Most na MK v Ochodnici
C86: Objekt:
E87: =E9 -> SO-1 - Rekonštrukcia mosta v obci Ochodnica pri Černoškovej
C89: Miesto: | F89: =F12 -> Ochodnica | I89: Dátum: | J89: =IF(J12="","",J12) -> 2. 2. 2021
C91: Objednávateľ: | F91: =E15 -> Obec Ochodnica | I91: Projektant: | J91: =E21 -> TASUM, s.r.o.
C92: Zhotoviteľ: | F92: =IF(E18="","",E18) -> Vyplň údaj | I92: Spracovateľ: | J92: =E24 -> BISin s.r.o.
C94: Kód dielu - Popis | J94: Cena celkom [EUR]
C96: Náklady z rozpočtu | J96: =J126 -> 0 | AU96: -1
D97: HSV - Práce a dodávky HSV | J97: =J127 -> 0
D98: 1 - Zemné práce | J98: =J128 -> 0
D99: 2 - Zakladanie | J99: =J139 -> 0
D100: 3 - Zvislé a kompletné konštrukcie | J100: =J162 -> 0
D101: 4 - Vodorovné konštrukcie | J101: =J174 -> 0
D102: 5 - Komunikácie | J102: =J177 -> 0
D103: 9 - Ostatné konštrukcie a práce | J103: =J222 -> 0
D104: OST - Ostatné | J104: =J226 -> 0
D105: PSV - Práce a dodávky PSV | J105: =J231 -> 0
D106: 783 - Dokončovacie práce - nátery | J106: =J232 -> 0
C113: VÝKAZ VÝMER
C115: Stavba:
E116: =E7 -> Most na MK v Ochodnici
C117: Objekt:
E118: =E9 -> SO-1 - Rekonštrukcia mosta v obci Ochodnica pri Černoškovej
C120: Miesto: | F120: =F12 -> Ochodnica | I120: Dátum:
C122: Objednávateľ: | F122: =E15 -> Obec Ochodnica | I122: Projektant:
C123: Zhotoviteľ: | I123: Spracovateľ:
C125: PČ | D125: Typ | E125: Kód | F125: Popis | G125: MJ | H125: Množstvo | I125: J.cena [EUR] | J125: Cena celkom [EUR] | K125: Cenová sústava | N125: DPH | O125: J. Nh [h] | P125: Nh celkom [h] | Q125: J. hmotnosť [t] | R125: Hmotnosť celkom [t] | S125: J. suť [t] | T125: Suť Celkom [t]
C126: Náklady z rozpočtu | J126: =BK126 -> 0 | P126: =P127+P231 -> 0 | R126: =R127+R231 -> 1.0461025 | T126: =T127+T231 -> 4.2696 | AT126: D | AU126: -1 | BK126: =BK127+BK231 -> 0
D127: D | E127: HSV | F127: Práce a dodávky HSV | J127: =BK127 -> 0 | P127: =P128+P139+P162+P174+P177+P222+P226 -> 0 | R127: =R128+R139+R162+R174+R177+R222+R226 -> 1.0461025 | T127: =T128+T139+T162+T174+T177+T222+T226 -> 4.2696 | AR127: 1 | AT127: D | AU127: 0 | AY127: ROZPOCET | BK127: =BK128+BK139+BK162+BK174+BK177+BK222+BK226 -> 0
D128: D | E128: 1 | F128: Zemné práce | J128: =BK128 -> 0 | P128: =SUM(P129:P138) -> 0 | R128: =SUM(R129:R138) -> 0 | T128: =SUM(T129:T138) -> 0 | AR128: 1 | AT128: D | AU128: 1 | AY128: ROZPOCET | BK128: =SUM(BK129:BK138) -> 0
C129: 1 | D129: K | E129: 111201101 | F129: Odstránenie krovín a stromov s koreňom o D kmeňa do 100 mm s odprataním do 50 m, do 1000 m2 | G129: m2 | H129: 30 | J129: =ROUND(I129*H129,3) -> 0 | N129: znížená | P129: =O129*H129 -> 0 | Q129: 0 | R129: =Q129*H129 -> 0 | S129: 0 | T129: =S129*H129 -> 0 | AR129: 4 | AT129: K | AU129: 2 | AY129: ROZPOCET | BE129: =IF(N129="základná",J129,0) -> 0 | BF129: =IF(N129="znížená",J129,0) -> 0 | BG129: =IF(N129="zákl. prenesená",J129,0) -> 0 | BH129: =IF(N129="zníž. prenesená",J129,0) -> 0 | BI129: =IF(N129="nulová",J129,0) -> 0 | BJ129: 2 | BK129: =ROUND(I129*H129,3) -> 0 | BL129: 4 | BM129: 2
C130: 2 | D130: K | E130: 115101201 | F130: Čerpanie vody na dopravnú výšku do 10 m s priemerným prítokom litrov za minútu nad 100 do 500 l | G130: hod | H130: 50 | J130: =ROUND(I130*H130,3) -> 0 | N130: znížená | P130: =O130*H130 -> 0 | Q130: 0 | R130: =Q130*H130 -> 0 | S130: 0 | T130: =S130*H130 -> 0 | AR130: 4 | AT130: K | AU130: 2 | AY130: ROZPOCET | BE130: =IF(N130="základná",J130,0) -> 0 | BF130: =IF(N130="znížená",J130,0) -> 0 | BG130: =IF(N130="zákl. prenesená",J130,0) -> 0 | BH130: =IF(N130="zníž. prenesená",J130,0) -> 0 | BI130: =IF(N130="nulová",J130,0) -> 0 | BJ130: 2 | BK130: =ROUND(I130*H130,3) -> 0 | BL130: 4 | BM130: 8
C131: 3 | D131: K | E131: 122201101 | F131: Odkopávky a prekopávky nezapažené s prehod. do 3 m alebo nalož. v hornine 3 do 100 m3 | G131: m3 | H131: 7.755 | J131: =ROUND(I131*H131,3) -> 0 | N131: znížená | P131: =O131*H131 -> 0 | Q131: 0 | R131: =Q131*H131 -> 0 | S131: 0 | T131: =S131*H131 -> 0 | AR131: 4 | AT131: K | AU131: 2 | AY131: ROZPOCET | BE131: =IF(N131="základná",J131,0) -> 0 | BF131: =IF(N131="znížená",J131,0) -> 0 | BG131: =IF(N131="zákl. prenesená",J131,0) -> 0 | BH131: =IF(N131="zníž. prenesená",J131,0) -> 0 | BI131: =IF(N131="nulová",J131,0) -> 0 | BJ131: 2 | BK131: =ROUND(I131*H131,3) -> 0 | BL131: 4 | BM131: 12
D132: VV | F132: "sanácia spodnej stavby" (0,4*0,5*4,7)*2 | H132: 1.88 | AT132: VV | AU132: 2 | AV132: 2 | AW132: True | AX132: 0 | AY132: ROZPOCET
D133: VV | F133: "vyčistenie okolia krídiel" 2,5*4,7*0,5 | H133: 5.875 | AT133: VV | AU133: 2 | AV133: 2 | AW133: True | AX133: 0 | AY133: ROZPOCET
D134: VV | F134: Súčet | H134: 7.755 | AT134: VV | AU134: 2 | AV134: 4 | AW134: True | AX134: 1 | AY134: ROZPOCET
C135: 4 | D135: K | E135: 122201109 | F135: Príplatok k cenám za lepivosť horniny | G135: m3 | H135: 7.755 | J135: =ROUND(I135*H135,3) -> 0 | N135: znížená | P135: =O135*H135 -> 0 | Q135: 0 | R135: =Q135*H135 -> 0 | S135: 0 | T135: =S135*H135 -> 0 | AR135: 4 | AT135: K | AU135: 2 | AY135: ROZPOCET | BE135: =IF(N135="základná",J135,0) -> 0 | BF135: =IF(N135="znížená",J135,0) -> 0 | BG135: =IF(N135="zákl. prenesená",J135,0) -> 0 | BH135: =IF(N135="zníž. prenesená",J135,0) -> 0 | BI135: =IF(N135="nulová",J135,0) -> 0 | BJ135: 2 | BK135: =ROUND(I135*H135,3) -> 0 | BL135: 4 | BM135: 14
C136: 5 | D136: K | E136: 115101301 | F136: Pohotovosť záložnej čerpacej súpravy do výšky 10 m, s prímerným prítokom do 500 l/min. | G136: deň | H136: 10 | J136: =ROUND(I136*H136,3) -> 0 | N136: znížená | P136: =O136*H136 -> 0 | Q136: 0 | R136: =Q136*H136 -> 0 | S136: 0 | T136: =S136*H136 -> 0 | AR136: 4 | AT136: K | AU136: 2 | AY136: ROZPOCET | BE136: =IF(N136="základná",J136,0) -> 0 | BF136: =IF(N136="znížená",J136,0) -> 0 | BG136: =IF(N136="zákl. prenesená",J136,0) -> 0 | BH136: =IF(N136="zníž. prenesená",J136,0) -> 0 | BI136: =IF(N136="nulová",J136,0) -> 0 | BJ136: 2 | BK136: =ROUND(I136*H136,3) -> 0 | BL136: 4 | BM136: 10
C137: 6 | D137: K | E137: 162501102 | F137: Vodorovné premiestnenie výkopku po spevnenej ceste z horniny tr.1-4, do 100 m3 na vzdialenosť do 3000 m | G137: m3 | H137: 7.755 | J137: =ROUND(I137*H137,3) -> 0 | N137: znížená | P137: =O137*H137 -> 0 | Q137: 0 | R137: =Q137*H137 -> 0 | S137: 0 | T137: =S137*H137 -> 0 | AR137: 4 | AT137: K | AU137: 2 | AY137: ROZPOCET | BE137: =IF(N137="základná",J137,0) -> 0 | BF137: =IF(N137="znížená",J137,0) -> 0 | BG137: =IF(N137="zákl. prenesená",J137,0) -> 0 | BH137: =IF(N137="zníž. prenesená",J137,0) -> 0 | BI137: =IF(N137="nulová",J137,0) -> 0 | BJ137: 2 | BK137: =ROUND(I137*H137,3) -> 0 | BL137: 4 | BM137: 16
C138: 7 | D138: K | E138: 167101101 | F138: Nakladanie neuľahnutého výkopku z hornín 1 až 4 do 100 m3 | G138: m3 | H138: 7.755 | J138: =ROUND(I138*H138,3) -> 0 | N138: znížená | P138: =O138*H138 -> 0 | Q138: 0 | R138: =Q138*H138 -> 0 | S138: 0 | T138: =S138*H138 -> 0 | AR138: 4 | AT138: K | AU138: 2 | AY138: ROZPOCET | BE138: =IF(N138="základná",J138,0) -> 0 | BF138: =IF(N138="znížená",J138,0) -> 0 | BG138: =IF(N138="zákl. prenesená",J138,0) -> 0 | BH138: =IF(N138="zníž. prenesená",J138,0) -> 0 | BI138: =IF(N138="nulová",J138,0) -> 0 | BJ138: 2 | BK138: =ROUND(I138*H138,3) -> 0 | BL138: 4 | BM138: 20
D139: D | E139: 2 | F139: Zakladanie | J139: =BK139 -> 0 | P139: =SUM(P140:P161) -> 0 | R139: =SUM(R140:R161) -> 0.126055 | T139: =SUM(T140:T161) -> 0 | AR139: 1 | AT139: D | AU139: 1 | AY139: ROZPOCET | BK139: =SUM(BK140:BK161) -> 0
C140: 8 | D140: K | E140: 216904112 | F140: Očistenie plôch tlakovou vodou stien akéhokoľvek muriva a rubu klenieb | G140: m2 | H140: 45.23 | J140: =ROUND(I140*H140,3) -> 0 | N140: znížená | P140: =O140*H140 -> 0 | Q140: 0 | R140: =Q140*H140 -> 0 | S140: 0 | T140: =S140*H140 -> 0 | AR140: 4 | AT140: K | AU140: 2 | AY140: ROZPOCET | BE140: =IF(N140="základná",J140,0) -> 0 | BF140: =IF(N140="znížená",J140,0) -> 0 | BG140: =IF(N140="zákl. prenesená",J140,0) -> 0 | BH140: =IF(N140="zníž. prenesená",J140,0) -> 0 | BI140: =IF(N140="nulová",J140,0) -> 0 | BJ140: 2 | BK140: =ROUND(I140*H140,3) -> 0 | BL140: 4 | BM140: 22
D141: VV | F141: "mostovka" 3,5*4,5 | H141: 15.75 | AT141: VV | AU141: 2 | AV141: 2 | AW141: True | AX141: 0 | AY141: ROZPOCET
D142: VV | F142: "krídla po vode" 2,4*2,2 | H142: 5.28 | AT142: VV | AU142: 2 | AV142: 2 | AW142: True | AX142: 0 | AY142: ROZPOCET
D143: VV | F143: "krídla proti vode" 2,0*2,2 | H143: 4.4 | AT143: VV | AU143: 2 | AV143: 2 | AW143: True | AX143: 0 | AY143: ROZPOCET
D144: VV | F144: "spodná stavby " 2*(4,5*2,2) | H144: 19.8 | AT144: VV | AU144: 2 | AV144: 2 | AW144: True | AX144: 0 | AY144: ROZPOCET
D145: VV | F145: Súčet | H145: 45.23 | AT145: VV | AU145: 2 | AV145: 4 | AW145: True | AX145: 1 | AY145: ROZPOCET
C146: 9 | D146: K | E146: 216904391 | F146: Príplatok k cene za ručné dočistenie oceľovými kartáčmi | G146: m2 | H146: 22.615 | J146: =ROUND(I146*H146,3) -> 0 | N146: znížená | P146: =O146*H146 -> 0 | Q146: 0 | R146: =Q146*H146 -> 0 | S146: 0 | T146: =S146*H146 -> 0 | AR146: 4 | AT146: K | AU146: 2 | AY146: ROZPOCET | BE146: =IF(N146="základná",J146,0) -> 0 | BF146: =IF(N146="znížená",J146,0) -> 0 | BG146: =IF(N146="zákl. prenesená",J146,0) -> 0 | BH146: =IF(N146="zníž. prenesená",J146,0) -> 0 | BI146: =IF(N146="nulová",J146,0) -> 0 | BJ146: 2 | BK146: =ROUND(I146*H146,3) -> 0 | BL146: 4 | BM146: 24
D147: VV | F147: 45,23/2 "50% dočistenie" | H147: 22.615 | AT147: VV | AU147: 2 | AV147: 2 | AW147: True | AX147: 1 | AY147: ROZPOCET
C148: 10 | D148: K | E148: 26230217_ | F148: Vŕtanie dier pre kotvenie zábradlia a strmeňov trámov T1 a T2 | G148: m | H148: 42.2 | J148: =ROUND(I148*H148,3) -> 0 | N148: znížená | P148: =O148*H148 -> 0 | Q148: 0 | R148: =Q148*H148 -> 0 | S148: 0 | T148: =S148*H148 -> 0 | AR148: 4 | AT148: K | AU148: 2 | AY148: ROZPOCET | BE148: =IF(N148="základná",J148,0) -> 0 | BF148: =IF(N148="znížená",J148,0) -> 0 | BG148: =IF(N148="zákl. prenesená",J148,0) -> 0 | BH148: =IF(N148="zníž. prenesená",J148,0) -> 0 | BI148: =IF(N148="nulová",J148,0) -> 0 | BJ148: 2 | BK148: =ROUND(I148*H148,3) -> 0 | BL148: 4 | BM148: 26
D149: VV | F149: "zábradlie" 28*0,15 | H149: 4.2 | AT149: VV | AU149: 2 | AV149: 2 | AW149: True | AX149: 0 | AY149: ROZPOCET
D150: VV | F150: " strmene" 20*0,5+20*0,6 | H150: 22 | AT150: VV | AU150: 2 | AV150: 2 | AW150: True | AX150: 0 | AY150: ROZPOCET
D151: VV | F151: "kotvenie KARI siete spodnej stavby" 40*0,4 | H151: 16 | AT151: VV | AU151: 2 | AV151: 2 | AW151: True | AX151: 0 | AY151: ROZPOCET
D152: VV | F152: Súčet | H152: 42.2 | AT152: VV | AU152: 2 | AV152: 4 | AW152: True | AX152: 1 | AY152: ROZPOCET
C153: 11 | D153: K | E153: 274311117 | F153: Základové pásy, prahy, vence mostných konštrukcií z betónu prostého tr. C 25/30 | G153: m3 | H153: 4 | J153: =ROUND(I153*H153,3) -> 0 | N153: znížená | P153: =O153*H153 -> 0 | Q153: 0 | R153: =Q153*H153 -> 0 | S153: 0 | T153: =S153*H153 -> 0 | AR153: 4 | AT153: K | AU153: 2 | AY153: ROZPOCET | BE153: =IF(N153="základná",J153,0) -> 0 | BF153: =IF(N153="znížená",J153,0) -> 0 | BG153: =IF(N153="zákl. prenesená",J153,0) -> 0 | BH153: =IF(N153="zníž. prenesená",J153,0) -> 0 | BI153: =IF(N153="nulová",J153,0) -> 0 | BJ153: 2 | BK153: =ROUND(I153*H153,3) -> 0 | BL153: 4 | BM153: 28
D154: VV | F154: "sanácia krídiel" 2*2 | H154: 4 | AT154: VV | AU154: 2 | AV154: 2 | AW154: True | AX154: 1 | AY154: ROZPOCET
C155: 12 | D155: K | E155: 289471119 | F155: Sanácia trhlín armovaná injektáž | G155: m | H155: 4.5 | J155: =ROUND(I155*H155,3) -> 0 | N155: znížená | P155: =O155*H155 -> 0 | Q155: 0.00739 | R155: =Q155*H155 -> 0.033255 | S155: 0 | T155: =S155*H155 -> 0 | AR155: 4 | AT155: K | AU155: 2 | AY155: ROZPOCET | BE155: =IF(N155="základná",J155,0) -> 0 | BF155: =IF(N155="znížená",J155,0) -> 0 | BG155: =IF(N155="zákl. prenesená",J155,0) -> 0 | BH155: =IF(N155="zníž. prenesená",J155,0) -> 0 | BI155: =IF(N155="nulová",J155,0) -> 0 | BJ155: 2 | BK155: =ROUND(I155*H155,3) -> 0 | BL155: 4 | BM155: 265171820
C156: 13 | D156: K | E156: 959941151.S | F156: Chemická kotva s kotevným svorníkom tesnená chemickou ampulkou do betónu, ŽB, kameňa, s vyvŕtaním otvoru | G156: ks | H156: 80 | J156: =ROUND(I156*H156,3) -> 0 | N156: znížená | P156: =O156*H156 -> 0 | Q156: 0.00116 | R156: =Q156*H156 -> 0.0928 | S156: 0 | T156: =S156*H156 -> 0 | AR156: 4 | AT156: K | AU156: 2 | AY156: ROZPOCET | BE156: =IF(N156="základná",J156,0) -> 0 | BF156: =IF(N156="znížená",J156,0) -> 0 | BG156: =IF(N156="zákl. prenesená",J156,0) -> 0 | BH156: =IF(N156="zníž. prenesená",J156,0) -> 0 | BI156: =IF(N156="nulová",J156,0) -> 0 | BJ156: 2 | BK156: =ROUND(I156*H156,3) -> 0 | BL156: 4 | BM156: -1246779511
D157: VV | F157: "kotvenie zábradlia a strmeňov" 80 | H157: 80 | AT157: VV | AU157: 2 | AV157: 2 | AW157: True | AX157: 1 | AY157: ROZPOCET
C158: 14 | D158: M | E158: 245990000100 | F158: Kapsula chemická kotevná technika do betónu, | G158: ks | H158: 80 | J158: =ROUND(I158*H158,3) -> 0 | N158: znížená | P158: =O158*H158 -> 0 | Q158: 0 | R158: =Q158*H158 -> 0 | S158: 0 | T158: =S158*H158 -> 0 | AR158: 8 | AT158: M | AU158: 2 | AY158: ROZPOCET | BE158: =IF(N158="základná",J158,0) -> 0 | BF158: =IF(N158="znížená",J158,0) -> 0 | BG158: =IF(N158="zákl. prenesená",J158,0) -> 0 | BH158: =IF(N158="zníž. prenesená",J158,0) -> 0 | BI158: =IF(N158="nulová",J158,0) -> 0 | BJ158: 2 | BK158: =ROUND(I158*H158,3) -> 0 | BL158: 4 | BM158: 32
C159: 15 | D159: K | E159: 274354111 | F159: Debnenie trámov T1 a T2 sanácia MK - zhotovenie | G159: m2 | H159: 15.28 | J159: =ROUND(I159*H159,3) -> 0 | N159: znížená | P159: =O159*H159 -> 0 | Q159: 0 | R159: =Q159*H159 -> 0 | S159: 0 | T159: =S159*H159 -> 0 | AR159: 4 | AT159: K | AU159: 2 | AY159: ROZPOCET | BE159: =IF(N159="základná",J159,0) -> 0 | BF159: =IF(N159="znížená",J159,0) -> 0 | BG159: =IF(N159="zákl. prenesená",J159,0) -> 0 | BH159: =IF(N159="zníž. prenesená",J159,0) -> 0 | BI159: =IF(N159="nulová",J159,0) -> 0 | BJ159: 2 | BK159: =ROUND(I159*H159,3) -> 0 | BL159: 4 | BM159: 34
D160: VV | F160: "debnenie sanácie spodnej stavby" (0,4*6)*2 +((0,255+0,4)*8)*2 | H160: 15.28 | AT160: VV | AU160: 2 | AV160: 2 | AW160: True | AX160: 1 | AY160: ROZPOCET
C161: 16 | D161: K | E161: 274354211 | F161: Debnenie trámov T1 a T2 sanácia MK - odstránenie | G161: m2 | H161: 15.28 | J161: =ROUND(I161*H161,3) -> 0 | N161: znížená | P161: =O161*H161 -> 0 | Q161: 0 | R161: =Q161*H161 -> 0 | S161: 0 | T161: =S161*H161 -> 0 | AR161: 4 | AT161: K | AU161: 2 | AY161: ROZPOCET | BE161: =IF(N161="základná",J161,0) -> 0 | BF161: =IF(N161="znížená",J161,0) -> 0 | BG161: =IF(N161="zákl. prenesená",J161,0) -> 0 | BH161: =IF(N161="zníž. prenesená",J161,0) -> 0 | BI161: =IF(N161="nulová",J161,0) -> 0 | BJ161: 2 | BK161: =ROUND(I161*H161,3) -> 0 | BL161: 4 | BM161: 36
D162: D | E162: 3 | F162: Zvislé a kompletné konštrukcie | J162: =BK162 -> 0 | P162: =SUM(P163:P173) -> 0 | R162: =SUM(R163:R173) -> 0.02664 | T162: =SUM(T163:T173) -> 0 | AR162: 1 | AT162: D | AU162: 1 | AY162: ROZPOCET | BK162: =SUM(BK163:BK173) -> 0
C163: 17 | D163: K | E163: 317321119 | F163: Mostové rímsy z betónu železového triedy C 35/45 | G163: m3 | H163: 2.52 | J163: =ROUND(I163*H163,3) -> 0 | N163: znížená | P163: =O163*H163 -> 0 | Q163: 0 | R163: =Q163*H163 -> 0 | S163: 0 | T163: =S163*H163 -> 0 | AR163: 4 | AT163: K | AU163: 2 | AY163: ROZPOCET | BE163: =IF(N163="základná",J163,0) -> 0 | BF163: =IF(N163="znížená",J163,0) -> 0 | BG163: =IF(N163="zákl. prenesená",J163,0) -> 0 | BH163: =IF(N163="zníž. prenesená",J163,0) -> 0 | BI163: =IF(N163="nulová",J163,0) -> 0 | BJ163: 2 | BK163: =ROUND(I163*H163,3) -> 0 | BL163: 4 | BM163: 38
D164: VV | F164: ((0,40*0,225)*14)*2 | H164: 2.52 | AT164: VV | AU164: 2 | AV164: 2 | AW164: True | AX164: 1 | AY164: ROZPOCET
C165: 18 | D165: K | E165: 317361216 | F165: Výstuž mostných konštrukcií - ríms zo železového betónu z ocele zn. 10 505 | G165: t | H165: 0.369 | J165: =ROUND(I165*H165,3) -> 0 | N165: znížená | P165: =O165*H165 -> 0 | Q165: 0 | R165: =Q165*H165 -> 0 | S165: 0 | T165: =S165*H165 -> 0 | AR165: 4 | AT165: K | AU165: 2 | AY165: ROZPOCET | BE165: =IF(N165="základná",J165,0) -> 0 | BF165: =IF(N165="znížená",J165,0) -> 0 | BG165: =IF(N165="zákl. prenesená",J165,0) -> 0 | BH165: =IF(N165="zníž. prenesená",J165,0) -> 0 | BI165: =IF(N165="nulová",J165,0) -> 0 | BJ165: 2 | BK165: =ROUND(I165*H165,3) -> 0 | BL165: 4 | BM165: 40
D166: VV | F166: "D14" 0,252 | H166: 0.252 | AT166: VV | AU166: 2 | AV166: 2 | AW166: True | AX166: 0 | AY166: ROZPOCET
...
